{
  "formatVersion": 1,
  "database": {
    "version": 1,
    "identityHash": "b0018b641bb64f9a46f5563c2f484a16",
    "entities": [
      {
        "tableName": "Favorite",
        "createSql": "CREATE TABLE IF NOT EXISTS `${TABLE_NAME}` (`id` TEXT NOT NULL, `name` TEXT, `link_img` TEXT, `director` TEXT, `rate_imdb` TEXT, `published` TEXT, `time` TEXT, `category_name` TEXT, `genre` TEXT, PRIMARY KEY(`id`))",
        "fields": [
          {
            "fieldPath": "id",
            "columnName": "id",
            "affinity": "TEXT",
            "notNull": true
          },
          {
            "fieldPath": "name",
            "columnName": "name",
            "affinity": "TEXT",
            "notNull": false
          },
          {
            "fieldPath": "link_img",
            "columnName": "link_img",
            "affinity": "TEXT",
            "notNull": false
          },
          {
            "fieldPath": "director",
            "columnName": "director",
            "affinity": "TEXT",
            "notNull": false
          },
          {
            "fieldPath": "rate_imdb",
            "columnName": "rate_imdb",
            "affinity": "TEXT",
            "notNull": false
          },
          {
            "fieldPath": "published",
            "columnName": "published",
            "affinity": "TEXT",
            "notNull": false
          },
          {
            "fieldPath": "time",
            "columnName": "time",
            "affinity": "TEXT",
            "notNull": false
          },
          {
            "fieldPath": "category_name",
            "columnName": "category_name",
            "affinity": "TEXT",
            "notNull": false
          },
          {
            "fieldPath": "genre",
            "columnName": "genre",
            "affinity": "TEXT",
            "notNull": false
          }
        ],
        "primaryKey": {
          "columnNames": [
            "id"
          ],
          "autoGenerate": false
        },
        "indices": [],
        "foreignKeys": []
      }
    ],
    "views": [],
    "setupQueries": [
      "CREATE TABLE IF NOT EXISTS room_master_table (id INTEGER PRIMARY KEY,identity_hash TEXT)",
      "INSERT OR REPLACE INTO room_master_table (id,identity_hash) VALUES(42, 'b0018b641bb64f9a46f5563c2f484a16')"
    ]
  }
}