{"v":"5.7.4","fr":24,"ip":121,"op":169,"w":1080,"h":1080,"nm":"ric-2033-bouncing","ddd":0,"assets":[],"layers":[{"ddd":0,"ind":2,"ty":4,"nm":"splash","sr":1,"ks":{"o":{"a":1,"k":[{"t":118.4,"s":[0],"h":1},{"t":121.6,"s":[100],"h":1},{"t":128,"s":[0],"h":1},{"t":134.400390625,"s":[100],"h":1}],"ix":11,"x":"var $bm_rt;\n$bm_rt = loopOut();"},"r":{"a":0,"k":8,"ix":10},"p":{"a":0,"k":[540,715,0],"ix":2,"l":2},"a":{"a":0,"k":[0,0,0],"ix":1,"l":2},"s":{"a":0,"k":[100,100,100],"ix":6,"l":2}},"ao":0,"shapes":[{"ty":"gr","it":[{"ind":0,"ty":"sh","ix":1,"ks":{"a":0,"k":{"i":[[0,0],[0,0]],"o":[[0,0],[0,0]],"v":[[-20,100],[-102.839,100]],"c":false},"ix":2},"nm":"Path 1","mn":"ADBE Vector Shape - Group","hd":false},{"ty":"st","c":{"a":0,"k":[0.25,0.25,0.25,1],"ix":3,"x":"var $bm_rt;\n$bm_rt = thisComp.layer('Shape Layer 1').content('Rectangle 1').content('Fill 1').color;"},"o":{"a":0,"k":100,"ix":4},"w":{"a":0,"k":10,"ix":5},"lc":2,"lj":2,"bm":0,"nm":"Stroke 1","mn":"ADBE Vector Graphic - Stroke","hd":false},{"ty":"tr","p":{"a":0,"k":[0,0],"ix":2},"a":{"a":0,"k":[-20,100],"ix":1},"s":{"a":0,"k":[100,100],"ix":3},"r":{"a":0,"k":0,"ix":6},"o":{"a":0,"k":100,"ix":7},"sk":{"a":0,"k":0,"ix":4},"sa":{"a":0,"k":0,"ix":5},"nm":"Transform"}],"nm":"Shape 1","np":2,"cix":2,"bm":0,"ix":1,"mn":"ADBE Vector Group","hd":false},{"ty":"rp","c":{"a":1,"k":[{"t":118.4,"s":[3],"h":1},{"t":134.4,"s":[2],"h":1},{"t":150.4,"s":[1],"h":1},{"t":166.4,"s":[3],"h":1},{"t":198.400390625,"s":[3],"h":1}],"ix":1,"x":"var $bm_rt;\n$bm_rt = loopOut();"},"o":{"a":0,"k":0,"ix":2},"m":1,"ix":2,"tr":{"ty":"tr","p":{"a":0,"k":[0,0],"ix":2},"a":{"a":0,"k":[0,0],"ix":1},"s":{"a":0,"k":[100,100],"ix":3},"r":{"a":1,"k":[{"t":118.4,"s":[28],"h":1},{"t":134.4,"s":[54],"h":1},{"t":150.400390625,"s":[28],"h":1}],"ix":4},"so":{"a":0,"k":100,"ix":5},"eo":{"a":0,"k":100,"ix":6},"nm":"Transform"},"nm":"Repeater 1","mn":"ADBE Vector Filter - Repeater","hd":false},{"ty":"rp","c":{"a":0,"k":2,"ix":1},"o":{"a":0,"k":0,"ix":2},"m":1,"ix":3,"tr":{"ty":"tr","p":{"a":0,"k":[0,0],"ix":2},"a":{"a":0,"k":[0,0],"ix":1},"s":{"a":0,"k":[100,100],"ix":3},"r":{"a":1,"k":[{"t":118.4,"s":[107],"h":1},{"t":134.4,"s":[115],"h":1},{"t":150.4,"s":[149],"h":1},{"t":166.4,"s":[107],"h":1},{"t":198.400390625,"s":[107],"h":1}],"ix":4,"x":"var $bm_rt;\n$bm_rt = loopOut();"},"so":{"a":0,"k":100,"ix":5},"eo":{"a":0,"k":100,"ix":6},"nm":"Transform"},"nm":"Repeater 2","mn":"ADBE Vector Filter - Repeater","hd":false},{"ty":"tm","s":{"a":1,"k":[{"i":{"x":[0.29],"y":[1]},"o":{"x":[0.167],"y":[0.141]},"t":118.4,"s":[0]},{"i":{"x":[0.833],"y":[1]},"o":{"x":[0.167],"y":[0]},"t":127.2,"s":[100]},{"t":134.400390625,"s":[100]}],"ix":1,"x":"var $bm_rt;\n$bm_rt = loopOut();"},"e":{"a":1,"k":[{"i":{"x":[0.29],"y":[1]},"o":{"x":[0.167],"y":[0]},"t":118.4,"s":[0]},{"i":{"x":[0.29],"y":[1]},"o":{"x":[0.167],"y":[0.141]},"t":120,"s":[0]},{"i":{"x":[0.833],"y":[1]},"o":{"x":[0.167],"y":[0]},"t":128.8,"s":[100]},{"t":134.400390625,"s":[100]}],"ix":2,"x":"var $bm_rt;\n$bm_rt = loopOut();"},"o":{"a":0,"k":0,"ix":3},"m":1,"ix":4,"nm":"Trim Paths 1","mn":"ADBE Vector Filter - Trim","hd":false}],"ip":0,"op":1329,"st":0,"bm":0},{"ddd":0,"ind":3,"ty":4,"nm":"floor","parent":5,"sr":1,"ks":{"o":{"a":0,"k":100,"ix":11},"r":{"a":0,"k":0,"ix":10},"p":{"a":0,"k":[49.917,70,0],"ix":2,"l":2},"a":{"a":0,"k":[-0.25,60,0],"ix":1,"l":2},"s":{"a":1,"k":[{"i":{"x":[0,0,0],"y":[1,1,1]},"o":{"x":[0.333,0.333,0.333],"y":[0,0,0]},"t":120,"s":[27,33.333,100]},{"i":{"x":[0.667,0.667,0.667],"y":[1,1,1]},"o":{"x":[1,1,1],"y":[0,0,0]},"t":128,"s":[33.333,33.333,100]},{"t":136,"s":[27,33.333,100]}],"ix":6,"x":"var $bm_rt;\n$bm_rt = loopOut();","l":2}},"ao":0,"shapes":[{"ty":"gr","it":[{"ind":0,"ty":"sh","ix":1,"ks":{"a":0,"k":{"i":[[0,0],[0,0]],"o":[[0,0],[0,0]],"v":[[-300.5,60],[300,60]],"c":false},"ix":2},"nm":"Path 1","mn":"ADBE Vector Shape - Group","hd":false},{"ty":"st","c":{"a":0,"k":[0.3,0.3,0.3,1],"ix":3},"o":{"a":0,"k":100,"ix":4},"w":{"a":0,"k":4,"ix":5},"lc":2,"lj":1,"ml":4,"bm":0,"d":[{"n":"d","nm":"dash","v":{"a":0,"k":696,"ix":1}},{"n":"g","nm":"gap","v":{"a":0,"k":10,"ix":2}},{"n":"o","nm":"offset","v":{"a":0,"k":-549,"ix":7}}],"nm":"Stroke 1","mn":"ADBE Vector Graphic - Stroke","hd":false},{"ty":"tr","p":{"a":0,"k":[0,0],"ix":2},"a":{"a":0,"k":[0,0],"ix":1},"s":{"a":0,"k":[100,100],"ix":3},"r":{"a":0,"k":0,"ix":6},"o":{"a":0,"k":100,"ix":7},"sk":{"a":0,"k":0,"ix":4},"sa":{"a":0,"k":0,"ix":5},"nm":"Transform"}],"nm":"Shape 1","np":2,"cix":2,"bm":0,"ix":1,"mn":"ADBE Vector Group","hd":false}],"ip":0,"op":1329,"st":0,"bm":0},{"ddd":0,"ind":5,"ty":3,"nm":"Scale","sr":1,"ks":{"o":{"a":0,"k":0,"ix":11},"r":{"a":0,"k":0,"ix":10},"p":{"a":0,"k":[540,660,0],"ix":2,"l":2},"a":{"a":0,"k":[50,50,0],"ix":1,"l":2},"s":{"a":0,"k":[300,300,100],"ix":6,"l":2}},"ao":0,"ip":0,"op":1329,"st":0,"bm":0},{"ddd":0,"ind":6,"ty":4,"nm":"Shape Layer 1","parent":5,"sr":1,"ks":{"o":{"a":0,"k":100,"ix":11},"r":{"a":1,"k":[{"i":{"x":[0],"y":[1]},"o":{"x":[0.333],"y":[0]},"t":104,"s":[0]},{"i":{"x":[0.667],"y":[1]},"o":{"x":[1],"y":[0]},"t":112,"s":[90]},{"t":120,"s":[180]}],"ix":10,"x":"var $bm_rt;\n$bm_rt = loopOut('offset');"},"p":{"s":true,"x":{"a":0,"k":50,"ix":3},"y":{"a":1,"k":[{"i":{"x":[0],"y":[1]},"o":{"x":[0.333],"y":[0]},"t":120,"s":[55.333]},{"i":{"x":[0.667],"y":[1]},"o":{"x":[1],"y":[0]},"t":128,"s":[-50]},{"i":{"x":[0],"y":[1]},"o":{"x":[0.333],"y":[0]},"t":136,"s":[55.333]},{"i":{"x":[0.667],"y":[1]},"o":{"x":[1],"y":[0]},"t":144,"s":[-50]},{"i":{"x":[0],"y":[1]},"o":{"x":[0.333],"y":[0]},"t":152,"s":[55.333]},{"i":{"x":[0.667],"y":[1]},"o":{"x":[1],"y":[0]},"t":160,"s":[-50]},{"i":{"x":[0],"y":[1]},"o":{"x":[0.333],"y":[0]},"t":168,"s":[55.333]},{"i":{"x":[0.667],"y":[1]},"o":{"x":[1],"y":[0]},"t":176,"s":[-50]},{"i":{"x":[0],"y":[1]},"o":{"x":[0.333],"y":[0]},"t":184,"s":[55.333]},{"i":{"x":[0.667],"y":[1]},"o":{"x":[1],"y":[0]},"t":192,"s":[-50]},{"i":{"x":[0],"y":[1]},"o":{"x":[0.333],"y":[0]},"t":200,"s":[61.5]},{"i":{"x":[0.667],"y":[1]},"o":{"x":[1],"y":[0]},"t":208,"s":[-50]},{"t":216,"s":[55.333]}],"ix":4,"x":"var $bm_rt;\n$bm_rt = loopOut();"}},"a":{"a":0,"k":[18,-57,0],"ix":1,"l":2},"s":{"a":1,"k":[{"i":{"x":[0.833,0.833,0.833],"y":[0.833,0.833,0.833]},"o":{"x":[0.167,0.167,0.167],"y":[0.167,0.167,0.167]},"t":120,"s":[110,75,100]},{"i":{"x":[0,0,0],"y":[1,1,1]},"o":{"x":[0.167,0.167,0.167],"y":[0.167,0.167,0]},"t":121.6,"s":[75,110,100]},{"i":{"x":[0.833,0.833,0.833],"y":[0.833,0.833,1]},"o":{"x":[1,1,1],"y":[0,0,0]},"t":128,"s":[100,100,100]},{"i":{"x":[0.833,0.833,0.833],"y":[0.833,0.833,0.833]},"o":{"x":[0.167,0.167,0.167],"y":[0.167,0.167,0.167]},"t":133.6,"s":[75,110,100]},{"t":136,"s":[110,75,100]}],"ix":6,"x":"var $bm_rt;\n$bm_rt = loopOut();","l":2}},"ao":0,"ef":[{"ty":5,"nm":"Echo","np":7,"mn":"ADBE Echo","ix":1,"en":1,"ef":[{"ty":0,"nm":"Echo Time (seconds)","mn":"ADBE Echo-0001","ix":1,"v":{"a":0,"k":-0.001,"ix":1}},{"ty":0,"nm":"Number Of Echoes","mn":"ADBE Echo-0002","ix":2,"v":{"a":1,"k":[{"i":{"x":[0],"y":[1]},"o":{"x":[0.333],"y":[0]},"t":120,"s":[8]},{"i":{"x":[0.667],"y":[1]},"o":{"x":[1],"y":[0]},"t":128,"s":[15]},{"t":136,"s":[8]}],"ix":2}},{"ty":0,"nm":"Starting Intensity","mn":"ADBE Echo-0003","ix":3,"v":{"a":0,"k":1,"ix":3}},{"ty":0,"nm":"Decay","mn":"ADBE Echo-0004","ix":4,"v":{"a":0,"k":1,"ix":4}},{"ty":7,"nm":"Echo Operator","mn":"ADBE Echo-0005","ix":5,"v":{"a":0,"k":2,"ix":5}}]}],"shapes":[{"ty":"gr","it":[{"ind":0,"ty":"sh","ix":1,"ks":{"a":1,"k":[{"i":{"x":0,"y":1},"o":{"x":0.333,"y":0},"t":120,"s":[{"i":[[0,0],[0,0],[0,0],[0,0],[0,0],[0,0]],"o":[[0,0],[0,0],[0,0],[0,0],[0,0],[0,0]],"v":[[20,-20],[20,0],[20,20],[0,20],[-20,20],[-20,-20]],"c":true}]},{"i":{"x":0.667,"y":1},"o":{"x":0.333,"y":0},"t":128,"s":[{"i":[[-11.046,0],[-3.619,-3.619],[0,-5.523],[3.619,-3.619],[5.523,0],[0,11.046]],"o":[[5.523,0],[3.619,3.619],[0,5.523],[-3.619,3.619],[-11.046,0],[0,-11.046]],"v":[[0,-20],[14.142,-14.142],[20,0],[14.142,14.142],[0,20],[-20,0]],"c":true}]},{"i":{"x":0,"y":1},"o":{"x":0.333,"y":0},"t":136,"s":[{"i":[[-11.046,0],[-3.619,-3.619],[0,-5.523],[3.619,-3.619],[5.523,0],[0,11.046]],"o":[[5.523,0],[3.619,3.619],[0,5.523],[-3.619,3.619],[-11.046,0],[0,-11.046]],"v":[[0,-20],[14.142,-14.142],[20,0],[14.142,14.142],[0,20],[-20,0]],"c":true}]},{"i":{"x":0.667,"y":1},"o":{"x":0.333,"y":0},"t":144,"s":[{"i":[[0,0],[0,0],[0,0],[0,0],[0,0],[0,0]],"o":[[0,0],[0,0],[0,0],[0,0],[0,0],[0,0]],"v":[[0,-20],[8.66,-5],[17.321,10],[0,10],[-17.321,10],[-8.66,-5]],"c":true}]},{"i":{"x":0,"y":1},"o":{"x":0.333,"y":0},"t":152,"s":[{"i":[[0,0],[0,0],[0,0],[0,0],[0,0],[0,0]],"o":[[0,0],[0,0],[0,0],[0,0],[0,0],[0,0]],"v":[[0,-20],[8.66,-5],[17.321,10],[0,10],[-17.321,10],[-8.66,-5]],"c":true}]},{"i":{"x":0.667,"y":1},"o":{"x":0.333,"y":0},"t":160,"s":[{"i":[[0,0],[0,0],[0,0],[0,0],[0,0],[0,0]],"o":[[0,0],[0,0],[0,0],[0,0],[0,0],[0,0]],"v":[[20,-20],[20,0],[20,20],[0,20],[-20,20],[-20,-20]],"c":true}]},{"t":168,"s":[{"i":[[0,0],[0,0],[0,0],[0,0],[0,0],[0,0]],"o":[[0,0],[0,0],[0,0],[0,0],[0,0],[0,0]],"v":[[20,-20],[20,0],[20,20],[0,20],[-20,20],[-20,-20]],"c":true}]}],"ix":2,"x":"var $bm_rt;\nvar pingPong, timeStart, duration, quant, quant, t, t, t;\npingPong = false;\ntry {\n    timeStart = thisProperty.key(1).time;\n    duration = $bm_sub(thisProperty.key(thisProperty.numKeys).time, timeStart);\n    quant = Math.floor($bm_div($bm_sub(time, timeStart), duration));\n    if (quant < 0)\n        quant = 0;\n    if (quant % 2 == 1 && pingPong == true) {\n        t = $bm_sub($bm_sum($bm_mul(2, timeStart), $bm_mul($bm_sum(quant, 1), duration)), time);\n    } else {\n        t = $bm_sub(time, $bm_mul(quant, duration));\n    }\n} catch (e) {\n    t = time;\n}\n$bm_rt = thisProperty.valueAtTime(t);"},"nm":"Path 1","mn":"ADBE Vector Shape - Group","hd":false},{"ty":"st","c":{"a":0,"k":[0.25,0.25,0.25,1],"ix":3},"o":{"a":0,"k":100,"ix":4},"w":{"a":0,"k":0,"ix":5},"lc":1,"lj":1,"ml":4,"bm":0,"nm":"Stroke 1","mn":"ADBE Vector Graphic - Stroke","hd":false},{"ty":"fl","c":{"a":1,"k":[{"t":120.8,"s":[1,0.200000017881,0.400000035763,1],"h":1},{"t":136.8,"s":[0.313725501299,0.823529481888,0.760784387589,1],"h":1},{"t":152.8,"s":[0.203921586275,0.596078455448,0.858823597431,1],"h":1},{"t":168.7998046875,"s":[1,0.200000017881,0.400000035763,1],"h":1}],"ix":4,"x":"var $bm_rt;\n$bm_rt = loopOut();"},"o":{"a":0,"k":100,"ix":5},"r":1,"bm":0,"nm":"Fill 1","mn":"ADBE Vector Graphic - Fill","hd":false},{"ty":"tr","p":{"a":0,"k":[18,-57],"ix":2},"a":{"a":0,"k":[0,0],"ix":1},"s":{"a":0,"k":[100,100],"ix":3},"r":{"a":0,"k":0,"ix":6},"o":{"a":0,"k":100,"ix":7},"sk":{"a":0,"k":0,"ix":4},"sa":{"a":0,"k":0,"ix":5},"nm":"Transform"}],"nm":"Rectangle 1","np":3,"cix":2,"bm":0,"ix":1,"mn":"ADBE Vector Group","hd":false}],"ip":0,"op":1329,"st":0,"bm":0}],"markers":[]}